RUN,TP,CODE,DYNAMIC PRESSURE,TEMP TS,BALANCE TEMP,PRESS TS,N1,N2,S1,S2,A1,R1,Lift (lbf),Drag (lbf),Pitch (in-lbf),Yaw (in-lbf),Side (lbf),Roll (in-lbf),Alpha,Beta
1,1,1,0,0,0,0,0.119418,0.169329,-0.075334,0.116336,6.687443,0.008277,-48.289733,162.4657,12.69943,40.507958,-5.783576,0,0,0
1,2,0,0.136033,77.903556,4188.847333,14.888905,-0.000506,0.00004,-0.000015,0.000014,0.024844,-0.000214,0.07607,0.605506,0.118783,0.005462,-0.003222,0,15,0
2,1,1,0,0,0,0,0.119224,0.169237,-0.075367,0.116278,6.686953,0.008248,-48.242348,162.454132,12.722013,40.501914,-5.770114,0,0,0
2,2,0,14.932719,81.442834,4188.702508,14.768539,-0.000617,-0.000152,-0.00004,0.000053,0.00653,-0.000041,0.126146,0.159745,0.104186,0.017247,-0.007825,0,0,0
2,3,0,14.933729,82.157778,4188.629421,14.768581,-0.00114,-0.000091,-0.000053,0.000017,0.015474,-0.000145,0.202221,0.377933,0.236552,0.009086,-0.002406,0,5,0
2,4,0,14.923761,82.158005,4188.549503,14.768253,-0.002021,0.000255,-0.000046,-0.000007,0.024284,-0.000284,0.290255,0.592577,0.519837,-0.006198,-0.002693,0,10,0
2,5,0,14.911399,82.419331,4188.456773,14.76833,-0.003192,0.000563,0.000197,-0.000194,0.032554,-0.000525,0.433188,0.794364,0.857475,-0.10734,-0.015588,0,15,0
2,6,0,14.911161,82.557155,4188.361512,14.768663,-0.003394,0.000587,-0.00014,-0.000091,0.032319,-0.000577,0.462018,0.788855,0.91395,-0.016451,0.020246,0,15,4
2,7,0,14.900443,82.718242,4188.313094,14.767319,-0.002205,0.00012,-0.00068,0.000153,0.023806,-0.00027,0.341901,0.581575,0.536938,0.16074,0.070382,0,10,4
2,8,0,14.885866,83.147931,4188.236566,14.768263,-0.001314,-0.000228,-0.00057,0.000069,0.014666,-0.000124,0.253105,0.358928,0.249326,0.128777,0.070308,0,5,4
2,9,0,14.760766,83.398594,4188.069575,14.769342,-0.000787,-0.000442,-0.000548,0.000106,0.004568,0.000064,0.201526,0.112859,0.079366,0.13665,0.062398,0,0,4
2,10,0,14.726479,83.640256,4188.041444,14.768774,-0.000783,-0.000505,-0.001123,0.000294,0.00505,0.000076,0.210317,0.124909,0.070189,0.297967,0.122739,0,0,8
2,11,0,14.731659,83.537903,4188.063708,14.76875,-0.001406,-0.00036,-0.001197,0.000299,0.013601,-0.00005,0.288615,0.333448,0.246678,0.309771,0.130955,0,5,8
2,12,0,14.729086,83.652089,4188.055088,14.769764,-0.002308,0.000025,-0.001178,0.000298,0.022128,-0.000224,0.373649,0.541136,0.544209,0.296372,0.124969,0,10,8
2,13,0,14.721487,83.939139,4188.054362,14.768216,-0.003498,0.000334,-0.001048,0.000272,0.030609,-0.000346,0.518771,0.747964,0.88897,0.252376,0.102797,0,15,8
2,14,0,14.704512,83.830596,4188.083143,14.768775,-0.003547,0.000361,-0.001335,0.0004,0.030423,-0.000353,0.521752,0.743482,0.910239,0.339351,0.127334,0,15,10
2,15,0,14.710373,84.060209,4188.073193,14.769229,-0.002425,-0.000048,-0.001508,0.000453,0.022004,-0.000169,0.404239,0.538391,0.557893,0.398136,0.15057,0,10,10
2,16,0,14.719046,84.421859,4188.099015,14.769464,-0.001557,-0.000363,-0.001491,0.000477,0.013257,-0.00005,0.313091,0.325209,0.284848,0.407881,0.147062,0,5,10
2,17,0,14.713398,84.281804,4188.118275,14.770496,-0.000792,-0.000591,-0.001525,0.000461,0.004275,0.000133,0.225063,0.106305,0.056638,0.418318,0.158711,0,0,10
3,1,1,0,0,0,0,0.16466,0.133375,-0.076276,0.116696,6.682866,0.018295,-49.825608,162.385355,-6.37001,41.464238,-5.66234,0,0,0
3,2,0,0.584637,80.279057,4193.356912,14.873591,-0.001971,0.001151,0.000152,-0.000101,0.040605,-0.000558,0.134684,0.988584,0.716467,-0.073386,-0.011941,0,15,0
4,1,0,15.201995,82.188915,4193.304204,14.754786,0.000019,-0.0002,0.000229,-0.000038,0.006479,-0.000408,0.02988,0.158046,-0.057167,-0.053326,-0.032109,0,0,0
4,2,0,15.18223,82.360725,4193.229387,14.755052,-0.008751,0.006386,0.000394,-0.000136,0.020811,-0.001671,0.390485,0.50186,3.543061,-0.235411,-0.050836,0,5,0
4,3,0,15.174298,82.91691,4193.168036,14.756249,-0.014449,0.01049,0.000575,-0.000167,0.036241,-0.002652,0.653288,0.874501,5.837285,-0.359873,-0.081722,0,10,0
4,4,0,15.137613,83.671878,4193.029368,14.75479,-0.018041,0.012896,0.000638,-0.000201,0.051091,-0.003502,0.848652,1.234579,7.238817,-0.4283,-0.092027,0,15,0
4,5,0,14.957072,83.755669,4192.92624,14.756994,-0.018107,0.012624,-0.001339,0.001219,0.050772,-0.003485,0.89692,1.227163,7.217469,0.288279,-0.017096,0,15,4
4,6,0,14.9141,84.068168,4192.820106,14.756929,-0.014654,0.010129,-0.001649,0.00129,0.035512,-0.003111,0.738793,0.857477,5.829164,0.416081,0.02516,0,10,4
4,7,0,14.901917,84.528679,4192.744626,14.757967,-0.009271,0.006131,-0.00165,0.00125,0.018921,-0.001753,0.51089,0.456544,3.631101,0.484384,0.038003,0,5,4
4,8,0,14.893244,84.595281,4192.721151,14.756782,-0.000383,-0.000388,-0.001716,0.001247,0.00382,-0.000293,0.120439,0.093825,0.01867,0.624561,0.059175,0,0,4
4,9,0,14.869143,85.066931,4192.633901,14.757018,-0.000664,-0.000342,-0.003944,0.002761,0.00459,-0.000225,0.151099,0.112598,0.125989,1.409099,0.159421,0,0,8
4,10,0,14.866331,84.847333,4192.592674,14.757558,-0.009059,0.005857,-0.003856,0.002764,0.018304,-0.001852,0.513196,0.441721,3.548217,1.270885,0.135483,0,5,8
4,11,0,14.871967,85.626129,4192.522725,14.757362,-0.015935,0.010811,-0.003544,0.002608,0.033551,-0.003048,0.830714,0.809284,6.316471,1.075574,0.103361,0,10,8
4,12,0,14.842127,85.125968,4192.498204,14.758243,-0.018803,0.012697,-0.003442,0.002582,0.048833,-0.003647,0.99243,1.180273,7.425553,1.011189,0.086213,0,15,8
4,13,0,14.827176,85.487185,4192.468129,14.757847,-0.019459,0.012977,-0.004685,0.003403,0.048918,-0.003934,1.05015,1.18228,7.661577,1.43763,0.144793,0,15,10
4,14,0,14.832355,85.642715,4192.462255,14.758066,-0.016396,0.010826,-0.004623,0.003269,0.033909,-0.003284,0.900746,0.81835,6.441258,1.437911,0.162018,0,10,10
4,15,0,14.829122,85.528676,4192.463953,14.757855,-0.009559,0.00581,-0.005028,0.00342,0.018438,-0.001817,0.599659,0.445507,3.667808,1.652115,0.209548,0,5,10
4,16,0,14.828445,85.680007,4192.453391,14.758457,-0.000843,-0.000534,-0.005011,0.003365,0.004012,-0.000186,0.209046,0.099073,0.135702,1.761102,0.226413,0,0,10
5,1,1,0,0,0,0,0.164802,0.132985,-0.076552,0.116662,6.680502,0.022598,-49.784663,162.328569,-6.493478,41.519702,-5.613633,0,0,0
5,2,0,0.127808,84.11091,4193.709417,14.874535,-0.002013,0.001236,0.000246,-0.000215,0.040668,-0.000659,0.128083,0.99005,0.744844,-0.118368,-0.007471,0,15,0
6,1,0,15.017182,83.607691,4193.957103,14.757235,0.000211,-0.000482,0.000455,-0.00024,0.006253,0.000126,0.04573,0.152956,-0.172585,-0.139097,-0.034831,0,0,0
6,2,0,15.008522,84.270942,4193.89452,14.755967,-0.00862,0.006223,0.000885,-0.000518,0.019749,-0.002001,0.397741,0.476242,3.466472,-0.416643,-0.065293,0,5,0
6,3,0,14.989063,85.502471,4193.813081,14.756971,-0.016697,0.012018,0.001311,-0.000717,0.034203,-0.004465,0.774989,0.823846,6.713009,-0.662274,-0.110287,0,10,0
6,4,0,14.970606,85.603455,4193.768682,14.756509,-0.018954,0.013511,0.00139,-0.000812,0.050036,-0.004043,0.901084,1.208596,7.58599,-0.727757,-0.110597,0,15,0
6,5,0,14.967232,86.039348,4193.755777,14.756645,-0.01878,0.013105,-0.000518,0.000595,0.050271,-0.004963,0.931805,1.214702,7.476206,-0.025326,-0.044166,0,15,4
6,6,0,14.974133,85.762745,4193.741067,14.75659,-0.017077,0.012041,-0.000881,0.000742,0.03431,-0.004518,0.82598,0.826628,6.83711,0.102623,-0.007134,0,10,4
6,7,0,14.973481,85.835673,4193.69494,14.756833,-0.008968,0.006051,-0.001181,0.000869,0.018684,-0.002027,0.476162,0.450771,3.535027,0.308603,0.028608,0,5,4
6,8,0,14.964582,85.91472,4193.695829,14.756336,-0.000202,-0.000507,-0.001399,0.001015,0.003864,0.000201,0.111277,0.09502,-0.056411,0.511639,0.047903,0,0,4
6,9,0,14.947501,86.180567,4193.685811,14.756954,-0.000306,-0.000529,-0.003594,0.002551,0.00467,0.00031,0.124047,0.114623,-0.00635,1.295753,0.139557,0,0,8
6,10,0,14.940792,86.329927,4193.690075,14.756196,-0.008563,0.005651,-0.00314,0.002263,0.018852,-0.002039,0.467947,0.455123,3.373571,1.020587,0.107038,0,5,8
6,11,0,14.943424,86.392163,4193.68121,14.756752,-0.01732,0.01207,-0.002778,0.002139,0.033286,-0.004673,0.854256,0.801597,6.928325,0.793341,0.059561,0,10,8
6,12,0,14.943462,86.42242,4193.677529,14.756004,-0.020261,0.013995,-0.002624,0.002117,0.048905,-0.007053,1.021362,1.180716,8.062808,0.717692,0.033388,0,15,8
6,13,0,14.917389,86.525258,4193.687416,14.75595,-0.020855,0.014256,-0.003717,0.002844,0.049271,-0.007288,1.072376,1.189562,8.27812,1.093823,0.084046,0,15,10
6,14,0,14.922334,86.708024,4193.70459,14.756341,-0.017585,0.011981,-0.003812,0.002763,0.033984,-0.004911,0.909141,0.818984,6.981782,1.140921,0.118033,0,10,10
6,15,0,14.929623,86.245712,4193.732128,14.756136,-0.009218,0.005881,-0.004171,0.002929,0.019335,-0.001912,0.534613,0.466944,3.594407,1.370653,0.157402,0,5,10
6,16,0,14.924379,86.360538,4193.733904,14.755625,-0.000276,-0.000733,-0.004627,0.003204,0.00486,0.000484,0.149218,0.119594,-0.047841,1.652517,0.193917,0,0,10
7,1,1,0,0,0,0,0.164932,0.133021,-0.076573,0.116693,6.680578,0.018689,-49.812086,162.330247,-6.514413,41.531271,-5.614369,0,0,0
7,2,0,0.124322,84.159173,4196.03798,14.867717,-0.001984,0.001191,0.000154,-0.00009,0.040518,-0.000477,0.130092,0.986388,0.72924,-0.071865,-0.014079,0,15,0
8,1,0,15.009263,82.375979,4196.171749,14.75001,-0.000215,-0.00015,0.000225,-0.000021,0.007109,-0.000427,0.060097,0.173446,0.008756,-0.051042,-0.035341,0,0,0
8,2,0,14.963202,83.578262,4196.116919,14.750132,-0.008834,0.006358,0.000391,-0.000111,0.021472,-0.001661,0.40855,0.518029,3.555347,-0.229724,-0.055276,0,5,0
8,3,0,14.948651,84.749546,4196.07228,14.750779,-0.014288,0.010287,0.00044,-0.000119,0.036843,-0.002548,0.65998,0.889447,5.752614,-0.318185,-0.068504,0,10,0
8,4,0,14.937588,84.926781,4196.020981,14.749939,-0.018004,0.012767,0.000607,-0.000213,0.051713,-0.00341,0.863779,1.249972,7.199265,-0.422742,-0.085476,0,15,0
8,5,0,14.919131,85.354188,4195.960608,14.750865,-0.018346,0.01277,-0.001483,0.001275,0.051515,-0.003484,0.91191,1.245208,7.309258,0.327294,-0.003864,0,15,4
8,6,0,14.922202,85.515822,4195.914842,14.750338,-0.014811,0.010241,-0.001707,0.001357,0.036287,-0.003068,0.745932,0.876232,5.893066,0.440148,0.02282,0,10,4
8,7,0,14.91767,86.042109,4195.858224,14.749306,-0.009467,0.006371,-0.001558,0.001204,0.019667,-0.001778,0.503798,0.474403,3.73265,0.451612,0.031391,0,5,4
8,8,0,14.910616,85.842328,4195.830599,14.749963,-0.000696,-0.000168,-0.001705,0.001233,0.004416,-0.000275,0.135723,0.108197,0.143604,0.614955,0.059379,0,0,4
8,9,0,14.889189,86.253548,4195.796704,14.749748,-0.001011,-0.000053,-0.00357,0.002548,0.005489,-0.000163,0.161861,0.134213,0.270427,1.280286,0.135188,0,0,8
8,10,0,14.91148,86.368841,4195.769475,14.749257,-0.00939,0.006175,-0.003716,0.002677,0.019261,-0.00175,0.515643,0.464699,3.698744,1.217891,0.127883,0,5,8
8,11,0,14.889274,86.566806,4195.716521,14.749717,-0.016187,0.011078,-0.003374,0.002568,0.03451,-0.002882,0.828461,0.83228,6.436535,1.027001,0.082975,0,10,8
8,12,0,14.876401,86.809701,4195.695554,14.749457,-0.019025,0.012954,-0.003514,0.002724,0.049732,-0.003632,0.986026,1.201772,7.539974,1.052124,0.07392,0,15,8
8,13,0,14.88723,86.911688,4195.671395,14.749631,-0.019723,0.013249,-0.004717,0.003565,0.049703,-0.003879,1.047942,1.200961,7.789214,1.473997,0.122584,0,15,10
8,14,0,14.875004,86.977939,4195.663977,14.749852,-0.016763,0.011149,-0.004516,0.003316,0.034686,-0.003242,0.907754,0.836833,6.602383,1.419532,0.136625,0,10,10
8,15,0,14.861807,86.807282,4195.652516,14.749173,-0.009779,0.00617,-0.004726,0.003364,0.019299,-0.001772,0.576985,0.465863,3.80165,1.571788,0.171419,0,5,10
8,16,0,14.86424,87.411733,4195.646548,14.75029,-0.001149,-0.000234,-0.004678,0.003278,0.0048,-0.000034,0.21054,0.117828,0.274362,1.667665,0.187558,0,0,10
9,1,1,0,0,0,0,0.164674,0.132925,-0.07679,0.116671,6.678851,0.021994,-49.753657,162.288719,-6.475721,41.571159,-5.577948,0,0,0
9,2,0,0.127181,85.453694,4196.671066,14.864931,-0.001979,0.001239,0.000236,-0.000215,0.040683,-0.000685,0.122134,0.990385,0.737686,-0.115948,-0.005592,0,15,0
10,1,0,15.18971,87.021254,4196.661096,14.746516,-0.000189,-0.000501,0.000476,-0.000344,0.004157,0.00005,0.115279,0.102294,-0.085205,-0.168636,-0.023139,0,0,0
10,2,0,15.163287,87.341122,4196.650482,14.746465,-0.009066,0.006211,0.000848,-0.000542,0.018137,-0.002041,0.473222,0.437369,3.566876,-0.41746,-0.058021,0,5,0
10,3,0,15.172773,87.835394,4196.629106,14.746832,-0.016962,0.011895,0.001142,-0.000671,0.033147,-0.004254,0.83853,0.798593,6.746671,-0.617882,-0.093301,0,10,0
10,4,0,15.169382,88.103317,4196.650114,14.746828,-0.019233,0.013362,0.001231,-0.00078,0.049452,-0.003938,0.971322,1.194886,7.616413,-0.688397,-0.093075,0,15,0
10,5,0,15.143828,88.149696,4196.661849,14.747581,-0.019133,0.013081,-0.000449,0.000475,0.049635,-0.005209,0.994431,1.19957,7.550446,-0.067654,-0.037416,0,15,4
10,6,0,15.17886,88.562451,4196.682677,14.747708,-0.017387,0.011976,-0.000785,0.000578,0.033247,-0.004607,0.888747,0.801158,6.891098,0.046066,0.002902,0,10,4
10,7,0,15.145587,88.17174,4196.712346,14.748438,-0.009217,0.005973,-0.001104,0.000754,0.017973,-0.002134,0.530683,0.433835,3.572166,0.266918,0.033728,0,5,4
10,8,0,15.16934,87.831241,4196.757637,14.746879,-0.00026,-0.000689,-0.001374,0.000937,0.002884,0.000172,0.151292,0.071556,-0.087199,0.49117,0.055472,0,0,4
10,9,0,15.146418,88.77446,4196.771724,14.747922,-0.000273,-0.000772,-0.003577,0.002436,0.003816,0.000138,0.159132,0.094321,-0.073176,1.270517,0.155142,0,0,8
10,10,0,15.117797,88.032526,4196.829642,14.747727,-0.008945,0.005582,-0.003073,0.002113,0.018389,-0.002232,0.543026,0.444343,3.443572,0.972733,0.118839,0,5,8
10,11,0,15.12086,88.335105,4197.085772,14.748076,-0.017594,0.012074,-0.002792,0.001989,0.032159,-0.005048,0.89933,0.774486,6.991937,0.762519,0.085757,0,10,8
10,12,0,15.132183,88.757423,4197.140101,14.747764,-0.020435,0.013969,-0.002522,0.001877,0.048059,-0.007308,1.055599,1.160452,8.094563,0.644796,0.05652,0,15,8
10,13,0,15.099736,89.18655,4197.229622,14.747301,-0.020809,0.014022,-0.003656,0.002716,0.048287,-0.007262,1.104083,1.166048,8.2101,1.056385,0.094629,0,15,10
10,14,0,15.09355,88.720039,4197.278427,14.747333,-0.017729,0.011962,-0.003838,0.002706,0.032817,-0.005247,0.936139,0.790762,7.010766,1.133473,0.130798,0,10,10
10,15,0,15.104566,89.313597,4197.316379,14.748292,-0.009185,0.005735,-0.004286,0.002961,0.018178,-0.002249,0.552938,0.439032,3.553308,1.402901,0.169795,0,5,10
10,16,0,15.087237,89.016768,4197.367338,14.747485,-0.000152,-0.000919,-0.00461,0.003146,0.003756,0.000138,0.15973,0.092989,-0.121556,1.639599,0.200447,0,0,10
11,1,1,0,0,0,0,0.164615,0.132882,-0.076965,0.116874,6.678942,0.017259,-49.737987,162.290944,-6.469449,41.650558,-5.584975,0,0,0
11,2,0,0.626895,86.569617,4200.219525,14.860417,-0.001906,0.001191,0.000133,-0.00006,0.040668,-0.000534,0.117244,0.989955,0.71146,-0.060698,-0.015213,0,15,0
12,1,0,14.632296,87.864064,4199.699726,14.743094,-0.000943,-0.000091,0.000346,-0.000229,0.003572,-0.000325,0.171258,0.087827,0.18929,-0.126825,-0.023552,0,0,0
12,2,0,14.654724,88.402387,4199.649623,14.743766,-0.007365,0.004715,0.000403,-0.000217,0.018167,-0.004877,0.437684,0.439456,2.821308,-0.228432,-0.041601,0,5,0
12,3,0,14.672568,88.315276,4199.641375,14.743543,-0.012888,0.008734,0.000452,-0.000182,0.03326,-0.006617,0.685359,0.803944,5.056565,-0.309197,-0.062084,0,10,0
12,4,0,14.653318,88.584528,4199.625302,14.744233,-0.016275,0.010997,0.000293,-0.000098,0.048403,-0.007076,0.869922,1.171289,6.379461,-0.302989,-0.056122,0,15,0
12,5,0,14.644995,89.013334,4199.600963,14.743733,-0.016567,0.011013,-0.001643,0.001285,0.0487,-0.007225,0.908078,1.178551,6.478654,0.392697,0.019027,0,15,4
12,6,0,14.652074,88.626005,4199.602827,14.744223,-0.013077,0.00868,-0.001852,0.001398,0.033634,-0.006793,0.717109,0.813174,5.12007,0.507016,0.039214,0,10,4
12,7,0,14.760246,88.591111,4199.591764,14.742869,-0.007708,0.004792,-0.001772,0.001315,0.017819,-0.005063,0.473458,0.430922,2.950402,0.547932,0.046861,0,5,4
12,8,0,14.744639,88.583179,4199.597574,14.742085,-0.00105,-0.000268,-0.001748,0.001211,0.002972,-0.000223,0.210515,0.073483,0.201609,0.617299,0.067164,0,0,4
12,9,0,14.736349,88.928442,4199.578234,14.742773,-0.001343,-0.000134,-0.003764,0.002608,0.0039,-0.00033,0.22952,0.095951,0.330166,1.331905,0.153499,0,0,8
12,10,0,14.732946,88.840158,4199.582446,14.74269,-0.007641,0.004637,-0.003912,0.002763,0.017817,-0.005183,0.480493,0.431036,2.928207,1.304584,0.144993,0,5,8
12,11,0,14.746113,89.233614,4199.554651,14.74249,-0.013617,0.008933,-0.003898,0.002862,0.03303,-0.007537,0.756698,0.798215,5.335418,1.238598,0.118437,0,10,8
12,12,0,14.734347,89.067845,4199.555489,14.742164,-0.01698,0.011163,-0.003603,0.002737,0.048271,-0.007383,0.943816,1.167912,6.638863,1.105797,0.086352,0,15,8
12,13,0,14.840223,88.755712,4199.573436,14.741533,-0.017553,0.011484,-0.004922,0.003623,0.048565,-0.007596,0.980882,1.174875,6.866852,1.56213,0.14698,0,15,10
12,14,0,14.86484,89.65219,4199.570078,14.741661,-0.014193,0.009158,-0.00498,0.003566,0.033718,-0.007836,0.81089,0.814966,5.537612,1.608022,0.171085,0,10,10
12,15,0,14.910526,88.978919,4199.569752,14.740645,-0.008053,0.004828,-0.005105,0.003612,0.01862,-0.005383,0.512401,0.450456,3.086077,1.729404,0.191554,0,5,10
12,16,0,15.039341,89.036689,4199.574088,14.739732,-0.001553,-0.000073,-0.005052,0.003495,0.004221,-0.000326,0.249391,0.103737,0.411617,1.787337,0.209535,0,0,10
14,1,1,0,0,0,0,0.164773,0.132763,-0.076847,0.116873,6.677754,0.023685,-49.744381,162.262003,-6.535214,41.627563,-5.603852,0,0,0
14,2,0,0.104972,86.471884,4201.046143,14.851804,-0.002016,0.001221,0.000229,-0.000205,0.0408,-0.00068,0.131238,0.993286,0.742154,-0.112239,-0.006509,0,15,0
15,1,0,14.676138,86.750752,4200.786687,14.737555,-0.000216,-0.000236,0.000607,-0.000319,0.005395,-0.000565,0.075942,0.131913,-0.016736,-0.193496,-0.046994,0,0,0
15,2,0,14.842783,87.245007,4200.646869,14.73613,-0.007095,0.004932,0.001123,-0.000731,0.018696,0.001327,0.360172,0.451841,2.800685,-0.48792,-0.066921,0,5,0
15,3,0,14.905845,88.44023,4200.29257,14.735317,-0.014276,0.01014,0.001579,-0.000986,0.032221,0.002078,0.686693,0.777239,5.698905,-0.739113,-0.105559,0,10,0
15,4,0,14.883221,88.235235,4200.256382,14.735084,-0.017161,0.012019,0.001571,-0.001046,0.048493,0.000806,0.852559,1.172481,6.810834,-0.787437,-0.099096,0,15,0
15,5,0,14.875681,88.262083,4200.231129,14.735283,-0.017431,0.011908,-0.000361,0.000397,0.048564,0.000587,0.907739,1.174363,6.874972,-0.078535,-0.035727,0,15,4
15,6,0,14.863499,88.566504,4200.19724,14.736071,-0.0147,0.010103,-0.000825,0.000658,0.032761,0.001979,0.754072,0.790646,5.822102,0.10939,-0.000546,0,10,4
15,7,0,14.861628,88.423433,4200.177728,14.735556,-0.007389,0.004729,-0.001141,0.000786,0.017658,0.001483,0.43398,0.427034,2.852078,0.306905,0.036847,0,5,4
15,8,0,14.869322,88.511658,4200.13865,14.735691,-0.000597,-0.0005,-0.001436,0.000947,0.00304,-0.000401,0.175557,0.075312,0.036349,0.502034,0.063025,0,0,4
15,9,0,14.860048,88.543477,4200.128199,14.735867,-0.000561,-0.000648,-0.003614,0.002416,0.003835,-0.000181,0.186142,0.094828,0.02341,1.270837,0.163665,0,0,8
15,10,0,14.867605,88.667742,4200.121007,14.735019,-0.007253,0.004402,-0.003061,0.002072,0.017812,0.001458,0.458715,0.431203,2.769447,0.985535,0.126275,0,5,8
15,11,0,14.866621,88.767978,4200.110304,14.73604,-0.014636,0.009909,-0.002761,0.00196,0.032083,0.001909,0.768547,0.774345,5.788478,0.792969,0.089166,0,10,8
15,12,0,14.834694,88.907139,4200.105649,14.735727,-0.01765,0.011899,-0.002334,0.001783,0.047432,-0.000306,0.938134,1.146812,6.951885,0.626191,0.045242,0,15,8
15,13,0,14.84148,89.235225,4200.092604,14.735762,-0.018509,0.012299,-0.003677,0.00269,0.047885,-0.000441,1.009023,1.157697,7.265419,1.08917,0.104698,0,15,10
15,14,0,14.84401,88.796164,4200.086267,14.735473,-0.014865,0.009835,-0.003727,0.002586,0.032924,0.001827,0.815213,0.795122,5.836697,1.126788,0.136585,0,10,10
15,15,0,14.84594,89.222133,4200.079941,14.736489,-0.007688,0.004602,-0.004111,0.002784,0.018464,0.001596,0.493746,0.44701,2.932779,1.351125,0.173143,0,5,10
15,16,0,14.847972,89.358387,4200.057591,14.736239,-0.000493,-0.000805,-0.004644,0.003137,0.004286,0.000016,0.197008,0.105978,-0.015279,1.641211,0.206346,0,0,10
15,17,0,14.860955,89.29904,4200.071227,14.735169,-0.000623,-0.000538,0.002559,-0.001997,0.003217,-0.000674,0.201472,0.080119,-0.025355,-0.957382,-0.080586,0,0,-4
15,18,0,14.860316,89.540656,4200.06997,14.735383,-0.007218,0.004499,0.002717,-0.002095,0.016993,0.001623,0.458747,0.411573,2.700662,-1.106926,-0.095469,0,5,-4
15,19,0,14.862148,88.998797,4200.051044,14.735736,-0.014246,0.009727,0.003154,-0.002366,0.031363,0.002357,0.756823,0.757451,5.56825,-1.356652,-0.127289,0,10,-4
15,20,0,14.838311,89.388504,4200.043236,14.735055,-0.017537,0.012013,0.003011,-0.002376,0.046877,0.001055,0.922303,1.133828,6.873361,-1.372991,-0.107028,0,15,-4
15,21,0,14.847243,89.677801,4200.035394,14.735213,-0.018679,0.012791,0.005438,-0.004172,0.047341,0.00032,0.991719,1.144843,7.288196,-2.277037,-0.194611,0,15,-8
15,22,0,14.84519,89.484283,4200.037978,14.735109,-0.014492,0.009794,0.005156,-0.003857,0.032389,0.002255,0.794195,0.782725,5.611157,-2.093534,-0.197363,0,10,-8
15,23,0,14.842089,89.724639,4200.039436,14.735031,-0.007636,0.004828,0.004731,-0.00352,0.018266,0.001423,0.480847,0.442453,2.846359,-1.836447,-0.178151,0,5,-8
15,24,0,14.831665,89.888466,4200.035134,14.735692,-0.000629,-0.000544,0.004536,-0.003454,0.004587,-0.000879,0.210926,0.113731,-0.055189,-1.679365,-0.151617,0,0,-8
15,25,0,14.836027,89.704059,4200.061789,14.734863,-0.000581,-0.000524,0.005673,-0.004282,0.004612,-0.000945,0.204079,0.114381,-0.077872,-2.092405,-0.193523,0,0,-10
15,26,0,14.816262,89.280517,4200.06488,14.734508,-0.007454,0.004695,0.005847,-0.004409,0.017899,0.001273,0.477372,0.433812,2.75592,-2.255578,-0.206535,0,5,-10
15,27,0,14.831337,89.555005,4200.078579,14.735799,-0.014332,0.009849,0.006369,-0.004727,0.031873,0.002187,0.763273,0.770068,5.569973,-2.531148,-0.243448,0,10,-10
15,28,0,14.820458,89.752596,4200.098817,14.735215,-0.020318,0.014197,0.006847,-0.005159,0.04665,-0.000941,1.035519,1.126808,7.984175,-2.806958,-0.254029,0,15,-10
16,1,1,0,0,0,0,0.164349,0.13334,-0.076513,0.116678,6.681583,0.019514,-49.768549,162.354557,-6.304406,41.508172,-5.62312,0,0,0
16,2,0,0.134867,81.138879,4193.244788,14.821223,-0.001966,0.001169,0.000161,-0.000128,0.040964,-0.00054,0.130934,0.997298,0.719254,-0.081057,-0.008779,0,15,0
17,1,0,14.901525,77.396493,4193.025654,14.704787,-0.000167,0.000058,0.000391,-0.000108,0.007971,-0.000249,0.018387,0.194035,0.045456,-0.105925,-0.045524,0,0,0
17,2,0,14.844279,79.887371,4192.884801,14.705363,-0.005825,0.004244,0.000419,-0.000066,0.022297,-0.005521,0.260729,0.539657,2.352594,-0.183541,-0.063457,0,5,0
17,3,0,14.864342,80.776684,4192.796215,14.705093,-0.010748,0.007814,0.000435,-0.000102,0.037019,-0.008365,0.483878,0.895542,4.341675,-0.263339,-0.065971,0,10,0
17,4,0,14.841288,81.38655,4192.68766,14.705407,-0.015738,0.011265,0.000174,0.000061,0.051266,-0.007651,0.736364,1.240121,6.321672,-0.242646,-0.058678,0,15,0
17,5,0,14.819218,81.817467,4192.518664,14.705016,-0.015816,0.011087,-0.001879,0.001639,0.051275,-0.007674,0.770394,1.240393,6.327267,0.522076,0.001973,0,15,4
17,6,0,14.827576,82.188982,4192.427769,14.704993,-0.011177,0.007766,-0.001941,0.001577,0.036337,-0.008534,0.553624,0.879139,4.463551,0.586746,0.028477,0,10,4
17,7,0,14.879174,83.124803,4192.011157,14.70426,-0.006568,0.004173,-0.001779,0.001405,0.019694,-0.005852,0.387102,0.476786,2.538919,0.58306,0.035368,0,5,4
17,8,0,14.845143,83.262293,4191.939539,14.705849,-0.00116,0.00011,-0.0017,0.00126,0.004572,-0.000326,0.166369,0.111798,0.317266,0.613422,0.053029,0,0,4
17,9,0,14.823201,83.164057,4191.866778,14.705825,-0.001264,0.000135,-0.003697,0.002647,0.005283,-0.000293,0.171957,0.129036,0.375905,1.324019,0.138545,0,0,8
17,10,0,14.81688,83.891113,4191.792586,14.705581,-0.006509,0.004105,-0.00388,0.002879,0.019318,-0.005907,0.380823,0.467573,2.539394,1.336055,0.123472,0,5,8
17,11,0,14.813728,83.651272,4191.642678,14.705421,-0.011583,0.007642,-0.003861,0.002868,0.034436,-0.009195,0.634147,0.833253,4.555353,1.259982,0.114968,0,10,8
17,12,0,14.803606,83.601158,4191.602721,14.705922,-0.016298,0.010903,-0.003998,0.0031,0.049187,-0.008117,0.87252,1.190084,6.425248,1.272921,0.090666,0,15,8
17,13,0,14.81032,84.076051,4191.532883,14.705633,-0.016641,0.01094,-0.005261,0.003916,0.049382,-0.008489,0.918639,1.19499,6.530887,1.707436,0.153583,0,15,10
17,14,0,14.80626,84.558167,4191.479006,14.706055,-0.012143,0.007686,-0.004996,0.003608,0.035026,-0.009476,0.715388,0.847923,4.710667,1.649699,0.168964,0,10,10
17,15,0,14.799824,84.089801,4191.421523,14.704643,-0.006945,0.003964,-0.005065,0.003608,0.019786,-0.006162,0.47206,0.479545,2.622303,1.736703,0.186689,0,5,10
17,16,0,14.795368,84.636036,4191.363978,14.706126,-0.001569,0.00002,-0.00483,0.003349,0.005094,-0.00044,0.23753,0.124857,0.434368,1.708892,0.199059,0,0,10
17,17,0,14.803632,84.427074,4191.277075,14.705599,-0.001122,-0.000138,0.002087,-0.001555,0.003466,-0.000432,0.215514,0.085681,0.193314,-0.772748,-0.080187,0,0,-4
17,18,0,14.806316,84.518584,4191.261567,14.704725,-0.006519,0.003943,0.002287,-0.001698,0.018028,-0.005512,0.433006,0.437138,2.412053,-0.922315,-0.093268,0,5,-4
17,19,0,14.79904,84.696743,4191.213288,14.70532,-0.011462,0.007521,0.002441,-0.001763,0.033403,-0.008087,0.658207,0.80888,4.405983,-1.037719,-0.113129,0,10,-4
17,20,0,14.791671,84.294136,4191.167024,14.705522,-0.016378,0.010941,0.002215,-0.001685,0.04799,-0.007806,0.904251,1.161808,6.360494,-1.04113,-0.096777,0,15,-4
17,21,0,14.785537,84.641038,4191.142152,14.705373,-0.016901,0.011217,0.004204,-0.003148,0.048086,-0.008092,0.952612,1.164234,6.517971,-1.773931,-0.169922,0,15,-8
17,22,0,14.787824,84.702833,4191.125887,14.70483,-0.012737,0.008244,0.004126,-0.003083,0.034122,-0.008986,0.756065,0.826298,4.848278,-1.685974,-0.162962,0,10,-8
17,23,0,14.787858,84.866615,4191.074298,14.705471,-0.007014,0.004038,0.004253,-0.003167,0.019178,-0.00557,0.506633,0.465542,2.519643,-1.649302,-0.162725,0,5,-8
17,24,0,14.793826,85.181403,4191.067962,14.704097,-0.001261,-0.000113,0.00403,-0.003114,0.004621,-0.000527,0.242385,0.114232,0.201543,-1.510265,-0.128777,0,0,-8
17,25,0,14.798627,84.772422,4191.050377,14.705156,-0.001248,-0.000072,0.005166,-0.003935,0.004902,-0.000498,0.237582,0.121103,0.191802,-1.922364,-0.171777,0,0,-10
17,26,0,14.799325,84.600602,4191.033304,14.704874,-0.006992,0.004167,0.005314,-0.003985,0.018814,-0.005505,0.486093,0.456595,2.529997,-2.045604,-0.193632,0,5,-10
17,27,0,14.818315,84.788979,4191.017994,14.704648,-0.012793,0.008391,0.00526,-0.003913,0.033353,-0.008866,0.745508,0.807456,4.88024,-2.10101,-0.204022,0,10,-10
17,28,0,14.838213,84.844562,4191.003584,14.704609,-0.0175,0.011755,0.005241,-0.003951,0.04752,-0.008439,0.966928,1.150076,6.770477,-2.17054,-0.200458,0,15,-10
18,1,1,0,0,0,0,0.163683,0.133015,-0.076872,0.116698,6.678573,0.023149,-49.605593,162.282501,-6.224691,41.585483,-5.574907,0,15,0
18,2,0,0.646581,83.416018,4191.526499,14.818999,-0.001992,0.00127,0.000311,-0.000258,0.041046,-0.000721,0.119494,0.999186,0.747195,-0.141019,-0.010106,0,15,0
19,1,0,15.293959,81.463601,4191.808703,14.700245,0.000014,-0.000143,0.000854,-0.000563,0.008033,-0.000747,0.024001,0.19595,-0.052199,-0.295584,-0.043034,0,0,0
19,2,0,15.278713,82.442051,4191.786958,14.700371,-0.005971,0.004357,0.001361,-0.000909,0.02174,0.002559,0.270532,0.52626,2.398726,-0.561054,-0.071962,0,5,0
19,3,0,15.259012,82.715139,4191.767091,14.700428,-0.012438,0.009198,0.001864,-0.001147,0.035726,0.004708,0.539748,0.862964,5.043814,-0.809623,-0.119258,0,10,0
19,4,0,15.252511,83.396831,4191.741026,14.700423,-0.016441,0.011889,0.002182,-0.00144,0.051829,0.001883,0.757219,1.253472,6.603969,-0.991641,-0.126978,0,15,0
19,5,0,15.244857,83.788386,4191.706331,14.700408,-0.01632,0.011441,0.00008,0.000092,0.051195,0.000999,0.803053,1.238519,6.499157,-0.222303,-0.051184,0,15,4
19,6,0,15.228265,84.349977,4191.661668,14.700745,-0.012835,0.008997,-0.000474,0.000389,0.035775,0.004625,0.630189,0.864751,5.119815,0.004124,-0.00745,0,10,4
19,7,0,15.000509,85.185423,4191.579059,14.702854,-0.006231,0.004149,-0.000852,0.00065,0.019694,0.002623,0.339516,0.476795,2.44115,0.232236,0.016545,0,5,4
19,8,0,14.992437,84.599605,4191.572122,14.703125,-0.000385,-0.000212,-0.00125,0.000881,0.005294,-0.00066,0.093558,0.129507,0.054039,0.448091,0.047727,0,0,4
19,9,0,14.982371,84.951057,4191.557548,14.702424,-0.000297,-0.000375,-0.003472,0.002406,0.006027,-0.000446,0.097835,0.147475,0.026344,1.238603,0.145974,0,0,8
19,10,0,14.9791,85.230619,4191.564616,14.702118,-0.006061,0.003799,-0.002994,0.002134,0.020001,0.002533,0.361453,0.48463,2.348516,0.999613,0.10805,0,5,8
19,11,0,14.983249,85.270612,4191.566643,14.702425,-0.012704,0.008744,-0.002194,0.001638,0.034294,0.004373,0.643746,0.828861,5.054468,0.631604,0.056326,0,10,8
19,12,0,14.974341,85.228388,4191.552557,14.702893,-0.016607,0.011352,-0.002126,0.001697,0.049185,0.001214,0.856817,1.189701,6.576858,0.577465,0.028836,0,15,8
19,13,0,14.963104,85.120216,4191.560227,14.703131,-0.017253,0.01159,-0.003374,0.002492,0.04977,0.001358,0.919682,1.203981,6.800222,1.000324,0.092609,0,15,10
19,14,0,14.975858,85.296802,4191.544908,14.702823,-0.012981,0.008591,-0.003349,0.002411,0.03542,0.004322,0.710538,0.856703,5.097503,1.036673,0.108231,0,10,10
19,15,0,14.972429,85.324395,4191.551927,14.701981,-0.006569,0.004006,-0.003865,0.002725,0.020691,0.00268,0.407959,0.501396,2.527777,1.301306,0.146338,0,5,10
19,16,0,14.962947,85.615231,4191.557713,14.702554,-0.000385,-0.000531,-0.00448,0.00314,0.006492,-0.000324,0.134192,0.159037,0.023415,1.605779,0.181901,0,0,10
19,17,0,14.986499,85.437308,4191.572242,14.701939,-0.000484,-0.000267,0.002642,-0.001931,0.005361,-0.001016,0.133682,0.13165,0.006756,-0.962167,-0.102568,0,0,-4
19,18,0,14.977247,85.447184,4191.564229,14.702227,-0.006073,0.004031,0.002988,-0.002167,0.019224,0.002556,0.347511,0.465816,2.320382,-1.165731,-0.123054,0,5,-4
19,19,0,14.966133,85.717111,4191.581238,14.703078,-0.012073,0.008525,0.003646,-0.002583,0.033817,0.004704,0.597935,0.817698,4.771302,-1.477709,-0.164644,0,10,-4
19,20,0,14.965481,85.557268,4191.592279,14.70216,-0.016612,0.011607,0.003737,-0.002843,0.048885,0.00187,0.839158,1.182813,6.551841,-1.612756,-0.141807,0,15,-4
19,21,0,14.96687,85.540763,4191.61103,14.701944,-0.017111,0.011875,0.006211,-0.004707,0.049597,0.001924,0.887007,1.200365,6.694379,-2.531414,-0.224767,0,15,-8
19,22,0,14.96284,85.729067,4191.62539,14.703279,-0.012355,0.008499,0.005591,-0.004088,0.034946,0.004584,0.656362,0.845726,4.800487,-2.204906,-0.224067,0,10,-8
19,23,0,14.952259,85.656269,4191.645509,14.703035,-0.006452,0.004189,0.004959,-0.003601,0.02065,0.002541,0.391425,0.500756,2.416397,-1.886207,-0.198178,0,5,-8
19,24,0,14.942189,86.192007,4191.671042,14.703023,-0.000491,-0.000194,0.004676,-0.003435,0.006762,-0.001139,0.130515,0.165901,-0.004377,-1.707017,-0.173988,0,0,-8
19,25,0,14.949648,85.778118,4191.671738,14.701827,-0.000565,-0.00019,0.005788,-0.004271,0.006884,-0.001163,0.14626,0.169053,-0.00292,-2.117158,-0.21154,0,0,-10
19,26,0,14.944928,85.977246,4191.677626,14.701861,-0.00626,0.004128,0.006046,-0.004408,0.020108,0.002521,0.373956,0.487627,2.341637,-2.282441,-0.235358,0,5,-10
19,27,0,14.952182,85.745993,4191.702572,14.702909,-0.0121,0.008521,0.006744,-0.004923,0.034164,0.004517,0.615238,0.826569,4.730476,-2.621584,-0.266003,0,10,-10
19,28,0,14.937699,85.854483,4191.714181,14.703005,-0.017141,0.012124,0.007564,-0.005629,0.049056,0.002058,0.855835,1.186824,6.742156,-3.012589,-0.284369,0,15,-10
